Timestamp,Images Links
2025/04/08 3:46:59 pm GMT+5:30,https://drive.google.com/u/0/open?usp=forms_web&id=1-uO-tognlYGQ9Zxw9_c56Zzpu7ap2COt
2025/04/08 3:47:21 pm GMT+5:30,https://drive.google.com/u/0/open?usp=forms_web&id=1xBWWNjZmDhVUEsdm_wY1rj4WFdjZ887E
2025/04/08 3:47:41 pm GMT+5:30,https://drive.google.com/u/0/open?usp=forms_web&id=14mWqMujFkUFGZV2_GxpJnXNSvvGrwA7e
2025/04/08 3:49:52 pm GMT+5:30,https://drive.google.com/u/0/open?usp=forms_web&id=1bduBgtC-HefhCqdH0x5FlmIcUb4TG1G9
2025/04/08 3:51:32 pm GMT+5:30,https://drive.google.com/u/0/open?usp=forms_web&id=1g16hBINXVw8nKonXoh0eVEcmNzuqGA9e
2025/04/08 3:51:50 pm GMT+5:30,https://drive.google.com/u/0/open?usp=forms_web&id=1HTH69Y1stITeIyQgAHZMZ482qg7xGGOg
2025/04/08 3:52:04 pm GMT+5:30,https://drive.google.com/u/0/open?usp=forms_web&id=1yfj2PitPz7AW9ZuAkiurWndgDlddsjDa
2025/04/08 3:52:11 pm GMT+5:30,https://drive.google.com/u/0/open?usp=forms_web&id=1C1SSa3U1k66wbOECTy2CFu57L14lCt1B
2025/04/08 3:52:22 pm GMT+5:30,https://drive.google.com/u/0/open?usp=forms_web&id=1kTlIS5GBgQ333ZeARP_UqpXDhjcLgyS0
2025/04/08 3:52:30 pm GMT+5:30,https://drive.google.com/u/0/open?usp=forms_web&id=1V4fZtH8RVlD-k6EqADeBMlhiWLocEX3A
2025/04/08 3:52:42 pm GMT+5:30,https://drive.google.com/u/0/open?usp=forms_web&id=1a4IdgH8A1iRL6C_zKYmf0-64KYbJMtea
2025/04/08 3:52:52 pm GMT+5:30,https://drive.google.com/u/0/open?usp=forms_web&id=11VjqyoeLD9pC7X5kjUzrAdCBbFGtvhXf
2025/04/08 3:53:01 pm GMT+5:30,https://drive.google.com/u/0/open?usp=forms_web&id=1sjgM_tOXecrH35qWh1CKbupB9vSBEipf
2025/04/08 3:53:12 pm GMT+5:30,https://drive.google.com/u/0/open?usp=forms_web&id=1fVMDvWlZGn1BAsmYs3PRNL4YHTZM_wQh
2025/04/08 3:53:20 pm GMT+5:30,https://drive.google.com/u/0/open?usp=forms_web&id=1Jd4Z1J9OeNI3AyXzCVOs26ZxYviYtbFy
2025/04/08 3:53:37 pm GMT+5:30,https://drive.google.com/u/0/open?usp=forms_web&id=1GX7XYIfMdTJ1DUThpuCmxe3us4WeqKGY
2025/04/08 3:53:39 pm GMT+5:30,https://drive.google.com/u/0/open?usp=forms_web&id=1OspB860SyVPJUadW4eQQCJK2WRPt6hwa
2025/04/08 3:53:56 pm GMT+5:30,https://drive.google.com/u/0/open?usp=forms_web&id=1MwPM7fAAmYYealW4u5LFOvnbfIYyRQx-
2025/04/08 3:54:02 pm GMT+5:30,https://drive.google.com/u/0/open?usp=forms_web&id=1yHKYCSKi6n9GnoVRR0uuoEDMY10-QZHe
2025/04/08 3:54:15 pm GMT+5:30,https://drive.google.com/u/0/open?usp=forms_web&id=1-LMmcKOazsU7CBUCOsz0Q7ady2_RRT6I
2025/04/08 3:54:20 pm GMT+5:30,https://drive.google.com/u/0/open?usp=forms_web&id=1hQSj6YEEjyNnEY7t2zl0_4lYCORWGowB
